{
	"class_name" : "PinholeCameraParameters",
	"extrinsic" : 
	[
		-0.38610483936154899,
		0.30711791879063383,
		-0.86982851009799755,
		0.0,
		0.91304189961898985,
		-0.0071281984326748002,
		-0.40780348003327649,
		0.0,
		-0.13144406628577407,
		-0.95164477235196021,
		-0.27765929606884582,
		0.0,
		-28.120816962455397,
		-11.206889280961484,
		161.25490049878704,
		1.0
	],
	"intrinsic" : 
	{
		"height" : 1132,
		"intrinsic_matrix" : 
		[
			980.34075708398461,
			0.0,
			0.0,
			0.0,
			980.34075708398461,
			0.0,
			959.5,
			565.5,
			1.0
		],
		"width" : 1920
	},
	"version_major" : 1,
	"version_minor" : 0
}